player,salary,position,team,team_past_record,team_past_salary
"Bumgarner, Madison",21882892,LHP,Arizona,0.457,2794887.25
"Marte, Ketel",11600000,2B,Arizona,0.457,2794887.25
"Ahmed, Nick",10375000,SS,Arizona,0.457,2794887.25
"Kelly, Merrill",8500000,RHP,Arizona,0.457,2794887.25
"Walker, Christian",6500000,1B,Arizona,0.457,2794887.25
"Melancon, Mark*",6000000,RHP,Arizona,0.457,2794887.25
"Gallen, Zac",5600000,RHP,Arizona,0.457,2794887.25
"Chafin, Andrew",5500000,LHP,Arizona,0.457,2794887.25
"Gurriel, Lourdes",5400000,OF,Arizona,0.457,2794887.25
"Davies, Zac",4700000,RHP,Arizona,0.457,2794887.25
"Kelly, Carson*",4275000,C,Arizona,0.457,2794887.25
"Longoria, Evan",4000000,3B,Arizona,0.457,2794887.25
"Castro, Miguel",3500000,RHP,Arizona,0.457,2794887.25
"Rojas, Josh",2575000,2B,Arizona,0.457,2794887.25
"McGough, Scott",2500000,RHP,Arizona,0.457,2794887.25
"Carroll, Corbin",1625000,OF,Arizona,0.457,2794887.25
"Lewis, Kyle",1610000,OF,Arizona,0.457,2794887.25
"Sulser, Cole",825000,RHP,Arizona,0.457,2794887.25
"Mantiply, Joe*",756000,LHP,Arizona,0.457,2794887.25
"Ginkel, Kevin",746600,RHP,Arizona,0.457,2794887.25
"Perdomo, Geraldo",738600,SS,Arizona,0.457,2794887.25
"McCarthy, Jake",735600,OF,Arizona,0.457,2794887.25
"Thomas, Alek",735200,OF,Arizona,0.457,2794887.25
"Nelson, Kyle",728900,LHP,Arizona,0.457,2794887.25
"Martin, Corbin*",728400,RHP,Arizona,0.457,2794887.25
"Herrera, Jose",724300,C,Arizona,0.457,2794887.25
"Jameson, Drey",723600,RHP,Arizona,0.457,2794887.25
"Nelson, Ryne",722700,RHP,Arizona,0.457,2794887.25
"Moreno, Gabriel",722500,C,Arizona,0.457,2794887.25
"Vargas, Carlos",721000,RHP,Arizona,0.457,2794887.25
"Robinson, Kristian**",720000,OF,Arizona,0.457,2794887.25
"Olson, Matt",21000000,1B,Atlanta,0.623,5354696.96969697
"Morton, Charlie",20000000,RHP,Atlanta,0.623,5354696.96969697
"Ozuna, Marcell",18000000,OF,Atlanta,0.623,5354696.96969697
"Acuna, Ronald",17000000,OF,Atlanta,0.623,5354696.96969697
"Iglesias, Raisel*",16000000,RHP,Atlanta,0.623,5354696.96969697
"Riley, Austin",15000000,3B,Atlanta,0.623,5354696.96969697
"Fried, Max",13500000,LHP,Atlanta,0.623,5354696.96969697
"Rosario, Eddie",9000000,OF,Atlanta,0.623,5354696.96969697
"D'Arnaud, Travis",8000000,C,Atlanta,0.623,5354696.96969697
"Albies, Ozzie",7000000,2B,Atlanta,0.623,5354696.96969697
"Yates, Kirby",6000000,RHP,Atlanta,0.623,5354696.96969697
"Harris, Michael",5000000,OF,Atlanta,0.623,5354696.96969697
"McHugh, Collin",5000000,RHP,Atlanta,0.623,5354696.96969697
"Minter, A.J.",4287500,LHP,Atlanta,0.623,5354696.96969697
"Murphy, Sean",4000000,C,Atlanta,0.623,5354696.96969697
"Pillar, Kevin",3000000,OF,Atlanta,0.623,5354696.96969697
"Jimenez, Joe",2765000,RHP,Atlanta,0.623,5354696.96969697
"Arcia, Orlando",2300000,SS,Atlanta,0.623,5354696.96969697
"Luetge, Lucas",1550000,LHP,Atlanta,0.623,5354696.96969697
"Chavez, Jesse",1200000,RHP,Atlanta,0.623,5354696.96969697
"Matzek, Tyler*",1200000,LHP,Atlanta,0.623,5354696.96969697
"Adrianza, Ehire",1000000,3B,Atlanta,0.623,5354696.96969697
"Strider, Spencer",1000000,RHP,Atlanta,0.623,5354696.96969697
"Anderson, Nick",875000,RHP,Atlanta,0.623,5354696.96969697
"Allard, Kolby*",750000,LHP,Atlanta,0.623,5354696.96969697
"Hilliard, Sam",750000,OF,Atlanta,0.623,5354696.96969697
"Tonkin, Michael",750000,RHP,Atlanta,0.623,5354696.96969697
"Wright, Kyle*",750000,RHP,Atlanta,0.623,5354696.96969697
"Ynoa, Huascar*",750000,RHP,Atlanta,0.623,5354696.96969697
"Lee, Dylan",730000,LHP,Atlanta,0.623,5354696.96969697
"Shuster, Jared",720000,LHP,Atlanta,0.623,5354696.96969697
"McCann, James*",12000000,C,Baltimore,0.512,1350053.5714285716
"Gibson, Kyle",10000000,RHP,Baltimore,0.512,1350053.5714285716
"Frazier, Adam",8000000,2B,Baltimore,0.512,1350053.5714285716
"Santander, Anthony",7400000,OF,Baltimore,0.512,1350053.5714285716
"Mullins II, Cedric",4100000,OF,Baltimore,0.512,1350053.5714285716
"Hays, Austin",3200000,OF,Baltimore,0.512,1350053.5714285716
"Givens, Mychal*",3000000,RHP,Baltimore,0.512,1350053.5714285716
"Means, John*",2975000,LHP,Baltimore,0.512,1350053.5714285716
"Mateo, Jorge",2000000,OF,Baltimore,0.512,1350053.5714285716
"Voth, Austin",1850000,RHP,Baltimore,0.512,1350053.5714285716
"Tate, Dillon*",1500000,RHP,Baltimore,0.512,1350053.5714285716
"Coulombe, Daniel",1000000,LHP,Baltimore,0.512,1350053.5714285716
"Bemboom, Anthony",900000,C,Baltimore,0.512,1350053.5714285716
"Mountcastle, Ryan",738400,1B,Baltimore,0.512,1350053.5714285716
"Irvin, Cole",737600,LHP,Baltimore,0.512,1350053.5714285716
"Urias, Ramon",734700,2B,Baltimore,0.512,1350053.5714285716
"Rutschman, Adley",733900,C,Baltimore,0.512,1350053.5714285716
"Wells, Tyler",732400,RHP,Baltimore,0.512,1350053.5714285716
"Perez, Cionel",732300,LHP,Baltimore,0.512,1350053.5714285716
"Bautista, Felix",731800,RHP,Baltimore,0.512,1350053.5714285716
"Kremer, Dean",731200,RHP,Baltimore,0.512,1350053.5714285716
"Akin, Keegan",731100,LHP,Baltimore,0.512,1350053.5714285716
"Baker, Bryan",729000,RHP,Baltimore,0.512,1350053.5714285716
"Bradish, Kyle",728100,RHP,Baltimore,0.512,1350053.5714285716
"McKenna, Ryan",725800,OF,Baltimore,0.512,1350053.5714285716
"Henderson, Gunnar",723200,SS,Baltimore,0.512,1350053.5714285716
"Baumann, Michael",722300,RHP,Baltimore,0.512,1350053.5714285716
"Stowers, Kyle",722200,OF,Baltimore,0.512,1350053.5714285716
"Vavra, Terrin",722100,SS,Baltimore,0.512,1350053.5714285716
"Gillaspie, Logan",721200,RHP,Baltimore,0.512,1350053.5714285716
"Sale, Chris",21672484,LHP,Boston,0.481,6146872.870967742
"Story, Trevor*",20000000,2B,Boston,0.481,6146872.870967742
"Devers, Rafael",17500000,3B,Boston,0.481,6146872.870967742
"Jansen, Kenley",16000000,RHP,Boston,0.481,6146872.870967742
"Yoshida, Masataka",15600000,OF,Boston,0.481,6146872.870967742
"Hernandez, Enrique",10000000,SS,Boston,0.481,6146872.870967742
"Kluber, Corey",10000000,RHP,Boston,0.481,6146872.870967742
"Turner, Justin",8300000,3B,Boston,0.481,6146872.870967742
"Martin, Chris",8000000,RHP,Boston,0.481,6146872.870967742
"Duvall, Adam",7000000,OF,Boston,0.481,6146872.870967742
"Verdugo, Alex",6300000,OF,Boston,0.481,6146872.870967742
"Pivetta, Nick",5350000,RHP,Boston,0.481,6146872.870967742
"Paxton, James*",4000000,LHP,Boston,0.481,6146872.870967742
"Bleier, Richard",3500000,LHP,Boston,0.481,6146872.870967742
"Mondesi, Adalberto*",3045000,SS,Boston,0.481,6146872.870967742
"Arroyo, Christian",2000000,3B,Boston,0.481,6146872.870967742
"Brasier, Ryan",2000000,RHP,Boston,0.481,6146872.870967742
"Tapia, Raimel",2000000,OF,Boston,0.481,6146872.870967742
"Rodriguez, Joely*",1500000,LHP,Boston,0.481,6146872.870967742
"Whitlock, Garrett*",1250000,RHP,Boston,0.481,6146872.870967742
"McGuire, Reese",1225000,C,Boston,0.481,6146872.870967742
"Refsnyder, Rob",1200000,OF,Boston,0.481,6146872.870967742
"Chang, Yu-Cheng",850000,2B,Boston,0.481,6146872.870967742
"Schreiber, John",750000,RHP,Boston,0.481,6146872.870967742
"Houck, Tanner",740000,RHP,Boston,0.481,6146872.870967742
"Crawford, Kutter",730000,RHP,Boston,0.481,6146872.870967742
"Bello, Brayan*",729500,RHP,Boston,0.481,6146872.870967742
"Mills, Wyatt*",727500,RHP,Boston,0.481,6146872.870967742
"Casas, Triston",723500,1B,Boston,0.481,6146872.870967742
"Kelly, Zack",723500,RHP,Boston,0.481,6146872.870967742
"Ort, Kaleb",722000,RHP,Boston,0.481,6146872.870967742
"Winckowski, Josh",722000,RHP,Boston,0.481,6146872.870967742
"Wong, Connor",722000,C,Boston,0.481,6146872.870967742
"Stroman, Marcus",25000000,RHP,Chicago Cubs,0.457,4079385.714285714
"Suzuki, Seiya*",18000000,OF,Chicago Cubs,0.457,4079385.714285714
"Hendricks, Kyle*",14500000,RHP,Chicago Cubs,0.457,4079385.714285714
"Swanson, Dansby",14000000,SS,Chicago Cubs,0.457,4079385.714285714
"Taillon, Jameson",14000000,RHP,Chicago Cubs,0.457,4079385.714285714
"Hosmer, Eric",13000000,1B,Chicago Cubs,0.457,4079385.714285714
"Bellinger, Cody",12500000,OF,Chicago Cubs,0.457,4079385.714285714
"Happ, Ian",10850000,OF,Chicago Cubs,0.457,4079385.714285714
"Smyly, Drew",8000000,LHP,Chicago Cubs,0.457,4079385.714285714
"Mancini, Trey",7000000,1B,Chicago Cubs,0.457,4079385.714285714
"Gomes, Yan",6000000,C,Chicago Cubs,0.457,4079385.714285714
"Fulmer, Michael",4000000,RHP,Chicago Cubs,0.457,4079385.714285714
"Barnhart, Tucker",3250000,C,Chicago Cubs,0.457,4079385.714285714
"Hoerner, Nico",2525000,SS,Chicago Cubs,0.457,4079385.714285714
"Boxberger, Brad",2000000,RHP,Chicago Cubs,0.457,4079385.714285714
"Madrigal, Nick",1225000,2B,Chicago Cubs,0.457,4079385.714285714
"Torrens, Luis",1200000,C,Chicago Cubs,0.457,4079385.714285714
"Rios, Edwin",1000000,3B,Chicago Cubs,0.457,4079385.714285714
"Leiter Jr., Mark",850000,RHP,Chicago Cubs,0.457,4079385.714285714
"Heuer, Codi*",785000,RHP,Chicago Cubs,0.457,4079385.714285714
"Wisdom, Patrick",763000,1B,Chicago Cubs,0.457,4079385.714285714
"Alzolay, Adbert",744750,RHP,Chicago Cubs,0.457,4079385.714285714
"Steele, Justin",740000,LHP,Chicago Cubs,0.457,4079385.714285714
"Thompson, Keegan",740000,RHP,Chicago Cubs,0.457,4079385.714285714
"Merryweather, Julian",737000,RHP,Chicago Cubs,0.457,4079385.714285714
"Rucker, Michael",737000,RHP,Chicago Cubs,0.457,4079385.714285714
"Hughes, Brandon*",728000,LHP,Chicago Cubs,0.457,4079385.714285714
"Assad, Javier",721500,RHP,Chicago Cubs,0.457,4079385.714285714
"Wesneski, Hayden",721500,RHP,Chicago Cubs,0.457,4079385.714285714
"Roberts, Ethan*",721000,RHP,Chicago Cubs,0.457,4079385.714285714
"Mastrobuoni, Miles",720500,2B,Chicago Cubs,0.457,4079385.714285714
"Lynn, Lance",18500000,RHP,Chicago White Sox,0.5,5367720.542857142
"Grandal, Yasmani",18250000,C,Chicago White Sox,0.5,5367720.542857142
"Moncada, Yoan",17800000,3B,Chicago White Sox,0.5,5367720.542857142
"Hendriks, Liam*",14333333,RHP,Chicago White Sox,0.5,5367720.542857142
"Anderson, Tim",12500000,SS,Chicago White Sox,0.5,5367720.542857142
"Giolito, Lucas",10400000,RHP,Chicago White Sox,0.5,5367720.542857142
"Jimenez, Eloy",10333333,OF,Chicago White Sox,0.5,5367720.542857142
"Robert, Luis",9500000,OF,Chicago White Sox,0.5,5367720.542857142
"Kelly, Joe",9000000,RHP,Chicago White Sox,0.5,5367720.542857142
"Benintendi, Andrew",8600000,OF,Chicago White Sox,0.5,5367720.542857142
"Clevinger, Michael",8000000,RHP,Chicago White Sox,0.5,5367720.542857142
"Graveman, Kendall",8000000,RHP,Chicago White Sox,0.5,5367720.542857142
"Cease, Dylan",5700000,RHP,Chicago White Sox,0.5,5367720.542857142
"Bummer, Aaron",3750000,LHP,Chicago White Sox,0.5,5367720.542857142
"Lopez, Reynaldo",3625000,RHP,Chicago White Sox,0.5,5367720.542857142
"Diekman, Jake",3500000,LHP,Chicago White Sox,0.5,5367720.542857142
"Andrus, Elvis",3000000,SS,Chicago White Sox,0.5,5367720.542857142
"Kopech, Michael",2050000,RHP,Chicago White Sox,0.5,5367720.542857142
"Alberto, Hanser",1300000,2B,Chicago White Sox,0.5,5367720.542857142
"Ruiz, Jose",925000,RHP,Chicago White Sox,0.5,5367720.542857142
"Vaughn, Andrew",760000,1B,Chicago White Sox,0.5,5367720.542857142
"Lambert, James",735000,RHP,Chicago White Sox,0.5,5367720.542857142
"Sheets, Gavin",735000,1B,Chicago White Sox,0.5,5367720.542857142
"Foster, Matt*",734000,RHP,Chicago White Sox,0.5,5367720.542857142
"Crochet, Garrett*",733000,LHP,Chicago White Sox,0.5,5367720.542857142
"Zavala, Seby",732000,C,Chicago White Sox,0.5,5367720.542857142
"Gonzalez, Roman",723000,SS,Chicago White Sox,0.5,5367720.542857142
"Colas, Oscar",720000,OF,Chicago White Sox,0.5,5367720.542857142
"Santos, Gregory",720000,RHP,Chicago White Sox,0.5,5367720.542857142
"Votto, Joey*",25000000,1B,Cincinnati,0.383,2946041.6666666665
"Myers, Wil",6000000,OF,Cincinnati,0.383,2946041.6666666665
"Newman, Kevin",2662500,2B,Cincinnati,0.383,2946041.6666666665
"Cessa, Luis",2650000,RHP,Cincinnati,0.383,2946041.6666666665
"Casali, Curt",2500000,C,Cincinnati,0.383,2946041.6666666665
"Weaver, Luke*",2000000,RHP,Cincinnati,0.383,2946041.6666666665
"Senzel, Nick*",1950000,OF,Cincinnati,0.383,2946041.6666666665
"Farmer, Buck",1725000,RHP,Cincinnati,0.383,2946041.6666666665
"Sims, Lucas*",1267500,RHP,Cincinnati,0.383,2946041.6666666665
"Maile, Luke",1175000,C,Cincinnati,0.383,2946041.6666666665
"Young, Alex",1150000,LHP,Cincinnati,0.383,2946041.6666666665
"Law, Derek",1000000,RHP,Cincinnati,0.383,2946041.6666666665
"Vosler, Jason",1000000,3B,Cincinnati,0.383,2946041.6666666665
"Dunn, Justin*",900000,RHP,Cincinnati,0.383,2946041.6666666665
"Antone, Tejay*",770000,RHP,Cincinnati,0.383,2946041.6666666665
"India, Jonathan",760000,3B,Cincinnati,0.383,2946041.6666666665
"Fraley, Jake",740000,OF,Cincinnati,0.383,2946041.6666666665
"Stephenson, Tyler",740000,C,Cincinnati,0.383,2946041.6666666665
"Diaz, Alexis",730000,RHP,Cincinnati,0.383,2946041.6666666665
"Garcia, Jose",730000,SS,Cincinnati,0.383,2946041.6666666665
"Gibaut, Ian",730000,RHP,Cincinnati,0.383,2946041.6666666665
"Greene, Hunter",730000,RHP,Cincinnati,0.383,2946041.6666666665
"Gutierrez, Vladimir*",730000,RHP,Cincinnati,0.383,2946041.6666666665
"Kuhnel, Joel",730000,RHP,Cincinnati,0.383,2946041.6666666665
"Lodolo, Nick",730000,LHP,Cincinnati,0.383,2946041.6666666665
"Overton, Connor",730000,RHP,Cincinnati,0.383,2946041.6666666665
"Santillan, Antonio*",730000,RHP,Cincinnati,0.383,2946041.6666666665
"Ashcraft, Graham",722500,RHP,Cincinnati,0.383,2946041.6666666665
"Fairchild, Stuart",722500,OF,Cincinnati,0.383,2946041.6666666665
"Friedl, Jr, Terry",722500,OF,Cincinnati,0.383,2946041.6666666665
"Sanmartin, Reiver",722500,LHP,Cincinnati,0.383,2946041.6666666665
"Benson, Will",720000,OF,Cincinnati,0.383,2946041.6666666665
"Cruz, Fernando",720000,RHP,Cincinnati,0.383,2946041.6666666665
"Steer, Spencer",720000,3B,Cincinnati,0.383,2946041.6666666665
"Bell, Josh",16500000,DH,Cleveland,0.568,2025184.8484848486
"Ramirez, Jose",14000000,3B,Cleveland,0.568,2025184.8484848486
"Bieber, Shane",10010000,RHP,Cleveland,0.568,2025184.8484848486
"Rosario, Amed",7800000,SS,Cleveland,0.568,2025184.8484848486
"Zunino, Mike",6000000,C,Cleveland,0.568,2025184.8484848486
"Quantrill, Cal",5550000,RHP,Cleveland,0.568,2025184.8484848486
"Naylor, Josh",3350000,OF,Cleveland,0.568,2025184.8484848486
"Plesac, Zach",2950000,RHP,Cleveland,0.568,2025184.8484848486
"Straw, Myles",2900000,OF,Cleveland,0.568,2025184.8484848486
"Civale, Aaron",2600000,RHP,Cleveland,0.568,2025184.8484848486
"Clase, Emmanuel",1900000,RHP,Cleveland,0.568,2025184.8484848486
"Gimenez, Andres",1571429,SS,Cleveland,0.568,2025184.8484848486
"Karinchak, James",1500000,RHP,Cleveland,0.568,2025184.8484848486
"Stephan, Trevor",1350000,RHP,Cleveland,0.568,2025184.8484848486
"Gallagher, Cam",1250000,C,Cleveland,0.568,2025184.8484848486
"Viloria, Meibrys",750000,C,Cleveland,0.568,2025184.8484848486
"De Los Santos, Enyel",750000,RHP,Cleveland,0.568,2025184.8484848486
"McKenzie, Triston*",739500,RHP,Cleveland,0.568,2025184.8484848486
"Hentges, Sam*",730200,LHP,Cleveland,0.568,2025184.8484848486
"Kwan, Steven",727300,OF,Cleveland,0.568,2025184.8484848486
"Morgan, Eli",727000,RHP,Cleveland,0.568,2025184.8484848486
"Sandlin, Nick",726000,RHP,Cleveland,0.568,2025184.8484848486
"Gonzalez, Oscar",722600,OF,Cleveland,0.568,2025184.8484848486
"Morris, Cody*",720200,RHP,Cleveland,0.568,2025184.8484848486
"Arias, Gabriel",720100,SS,Cleveland,0.568,2025184.8484848486
"Brennan, Will",720100,OF,Cleveland,0.568,2025184.8484848486
"Curry, Xzavion",720100,RHP,Cleveland,0.568,2025184.8484848486
"Gaddis, Hunter",720100,RHP,Cleveland,0.568,2025184.8484848486
"Herrin, Tim",720000,LHP,Cleveland,0.568,2025184.8484848486
"Bryant, Kris",28000000,OF,Colorado,0.42,3947464.636363636
"Moustakas, Mike",18000000,3B,Colorado,0.42,3947464.636363636
"Marquez, German",15300000,RHP,Colorado,0.42,3947464.636363636
"Blackmon, Charlie",15000000,DH,Colorado,0.42,3947464.636363636
"Freeland, Kyle",10500000,LHP,Colorado,0.42,3947464.636363636
"Bard, Daniel*",9500000,RHP,Colorado,0.42,3947464.636363636
"Grichuk, Randal*",9333333,OF,Colorado,0.42,3947464.636363636
"McMahon, Ryan",9000000,2B,Colorado,0.42,3947464.636363636
"Profar, Jurickson",7710778,OF,Colorado,0.42,3947464.636363636
"Cron, C.J.",7500000,1B,Colorado,0.42,3947464.636363636
"Senzatela, Antonio*",7250000,RHP,Colorado,0.42,3947464.636363636
"Diaz, Elias",5500000,C,Colorado,0.42,3947464.636363636
"Johnson, Pierce",5000000,RHP,Colorado,0.42,3947464.636363636
"Lamet, Dinelson",5000000,RHP,Colorado,0.42,3947464.636363636
"Urena, Jose",3000000,RHP,Colorado,0.42,3947464.636363636
"Suter, Brent",3000000,LHP,Colorado,0.42,3947464.636363636
"Rodgers, Brendan*",2700000,2B,Colorado,0.42,3947464.636363636
"Gomber, Austin",1650000,LHP,Colorado,0.42,3947464.636363636
"Hand, Brad",1500000,LHP,Colorado,0.42,3947464.636363636
"Castro, Harold",1300000,1B,Colorado,0.42,3947464.636363636
"Kinley, Tyler*",1200000,RHP,Colorado,0.42,3947464.636363636
"Blach, Ty",1100000,LHP,Colorado,0.42,3947464.636363636
"Daza, Yonathan",730000,C,Colorado,0.42,3947464.636363636
"Gilbreath, Lucas*",725000,LHP,Colorado,0.42,3947464.636363636
"Rolison, Ryan*",725000,LHP,Colorado,0.42,3947464.636363636
"Bird, Jacob",722000,RHP,Colorado,0.42,3947464.636363636
"Bouchard, Sean*",722000,RHP,Colorado,0.42,3947464.636363636
"Feltner, Ryan",722000,RHP,Colorado,0.42,3947464.636363636
"Lawrence, Justin",722000,RHP,Colorado,0.42,3947464.636363636
"Montero, Elehuris",722000,3B,Colorado,0.42,3947464.636363636
"Seabold, Connor",722000,RHP,Colorado,0.42,3947464.636363636
"Serven, Brian",722000,C,Colorado,0.42,3947464.636363636
"Tovar, Ezequiel",722000,SS,Colorado,0.42,3947464.636363636
"Trejo, Alan",722000,SS,Colorado,0.42,3947464.636363636
"Cabrera, Miguel",32000000,DH,Detroit,0.407,3810094.1176470583
"Baez, Javier",22000000,SS,Detroit,0.407,3810094.1176470583
"Rodriguez, Eduardo",14000000,LHP,Detroit,0.407,3810094.1176470583
"Boyd, Matt",10000000,LHP,Detroit,0.407,3810094.1176470583
"Lorenzen, Michael*",8500000,RHP,Detroit,0.407,3810094.1176470583
"Schoop, Jonathan",7500000,2B,Detroit,0.407,3810094.1176470583
"Meadows, Austin",4300000,LHP,Detroit,0.407,3810094.1176470583
"Cisnero, Jose",2287500,RHP,Detroit,0.407,3810094.1176470583
"Turnbull, Spencer",2150000,RHP,Detroit,0.407,3810094.1176470583
"Alexander, Tyler",1875000,LHP,Detroit,0.407,3810094.1176470583
"Shreve, Chasen",1250000,LHP,Detroit,0.407,3810094.1176470583
"Wingenter, Trey",1000000,RHP,Detroit,0.407,3810094.1176470583
"Skubal, Tarik*",743700,LHP,Detroit,0.407,3810094.1176470583
"Haase, Eric",740100,C,Detroit,0.407,3810094.1176470583
"McKinstry, Zach",734500,2B,Detroit,0.407,3810094.1176470583
"Mize, Casey*",734200,RHP,Detroit,0.407,3810094.1176470583
"Manning, Matt",729200,RHP,Detroit,0.407,3810094.1176470583
"Greene, Riley",727800,OF,Detroit,0.407,3810094.1176470583
"Vierling, Matt",727100,OF,Detroit,0.407,3810094.1176470583
"Maton, Nick",726600,OF,Detroit,0.407,3810094.1176470583
"Foley, Jason",726200,RHP,Detroit,0.407,3810094.1176470583
"Lange, Alex",726000,RHP,Detroit,0.407,3810094.1176470583
"Rogers, Jake",726000,C,Detroit,0.407,3810094.1176470583
"Brieske, Beau*",724400,RHP,Detroit,0.407,3810094.1176470583
"Carpenter, Kerry",723700,OF,Detroit,0.407,3810094.1176470583
"Wentz, Joey",723500,LHP,Detroit,0.407,3810094.1176470583
"Torkelson, Spencer",723100,1B,Detroit,0.407,3810094.1176470583
"Nevin, Tyler*",723000,3B,Detroit,0.407,3810094.1176470583
"Hill, Garrett",722300,RHP,Detroit,0.407,3810094.1176470583
"Kreidler, Ryan",721600,SS,Detroit,0.407,3810094.1176470583
"Englert, Mason",720000,RHP,Detroit,0.407,3810094.1176470583
"Pacheco, Freddy*",720000,RHP,Detroit,0.407,3810094.1176470583
"Bregman, Alex",30500000,3B,Houston,0.654,5608258.06451613
"Altuve, Jose*",29000000,2B,Houston,0.654,5608258.06451613
"Abreu, Jose",19500000,1B,Houston,0.654,5608258.06451613
"McCullers, Lance*",15950000,RHP,Houston,0.654,5608258.06451613
"Pressly, Ryan",14000000,RHP,Houston,0.654,5608258.06451613
"Brantley, Michael*",12000000,OF,Houston,0.654,5608258.06451613
"Montero, Rafael",11500000,RHP,Houston,0.654,5608258.06451613
"Neris, Hector",8000000,RHP,Houston,0.654,5608258.06451613
"Alvarez, Yordan",7833333,DH,Houston,0.654,5608258.06451613
"Valdez, Framber",6800000,LHP,Houston,0.654,5608258.06451613
"Maldonado, Martin",5000000,C,Houston,0.654,5608258.06451613
"Tucker, Kyle",5000000,OF,Houston,0.654,5608258.06451613
"Stanek, Ryne",3600000,RHP,Houston,0.654,5608258.06451613
"Javier, Cristian",3400000,RHP,Houston,0.654,5608258.06451613
"Hernandez, Jose",3025000,RHP,Houston,0.654,5608258.06451613
"Maton, Phil",2550000,RHP,Houston,0.654,5608258.06451613
"Dubon, Mauricio",1400000,OF,Houston,0.654,5608258.06451613
"Taylor, Blake*",830000,LHP,Houston,0.654,5608258.06451613
"Garcia, Luis",763200,RHP,Houston,0.654,5608258.06451613
"Pena, Jeremy",754900,SS,Houston,0.654,5608258.06451613
"McCormick, Chas",752500,OF,Houston,0.654,5608258.06451613
"Abreu, Bryan",745200,RHP,Houston,0.654,5608258.06451613
"Meyers, Jake",732000,OF,Houston,0.654,5608258.06451613
"Martinez, Seth",730200,RHP,Houston,0.654,5608258.06451613
"Brown, Hunter",725000,RHP,Houston,0.654,5608258.06451613
"Hensley, David",722600,SS,Houston,0.654,5608258.06451613
"Mushinski, Parker*",721800,LHP,Houston,0.654,5608258.06451613
"Blanco, Ronel",721200,RHP,Houston,0.654,5608258.06451613
"Diaz, Yainer",720300,C,Houston,0.654,5608258.06451613
"Julks, Corey",720000,OF,Houston,0.654,5608258.06451613
"Salazar, Cesar",720000,C,Houston,0.654,5608258.06451613
"Perez, Salvador",20000000,C,Kansas City,0.401,3074970.689655172
"Greinke, Zack",8500000,RHP,Kansas City,0.401,3074970.689655172
"Lyles, Jordan",8500000,RHP,Kansas City,0.401,3074970.689655172
"Dozier, Hunter",7500000,3B,Kansas City,0.401,3074970.689655172
"Keller, Brad",5775000,RHP,Kansas City,0.401,3074970.689655172
"Barlow, Scott",5300000,RHP,Kansas City,0.401,3074970.689655172
"Chapman, Aroldis",3750000,LHP,Kansas City,0.401,3074970.689655172
"Lopez, Nicky",3700000,2B,Kansas City,0.401,3074970.689655172
"Yarbrough, Ryan",3000000,LHP,Kansas City,0.401,3074970.689655172
"Singer, Brady",2950000,RHP,Kansas City,0.401,3074970.689655172
"Garrett, Amir",2650000,LHP,Kansas City,0.401,3074970.689655172
"Bubic, Kris",2200000,LHP,Kansas City,0.401,3074970.689655172
"Reyes, Franmil",2000000,DH,Kansas City,0.401,3074970.689655172
"Duffy, Matt",1500000,3B,Kansas City,0.401,3074970.689655172
"Clarke, Taylor",1150000,RHP,Kansas City,0.401,3074970.689655172
"Bradley, Jackie",900000,OF,Kansas City,0.401,3074970.689655172
"Brentz, Jake*",850000,LHP,Kansas City,0.401,3074970.689655172
"Witt Jr, Bobby",745750,SS,Kansas City,0.401,3074970.689655172
"Olivares, Edward",740750,OF,Kansas City,0.401,3074970.689655172
"Coleman, Dylan",731750,RHP,Kansas City,0.401,3074970.689655172
"Hernandez, Carlos",730250,RHP,Kansas City,0.401,3074970.689655172
"Lynch, Daniel*",730250,LHP,Kansas City,0.401,3074970.689655172
"Isbel, Kyle",727500,OF,Kansas City,0.401,3074970.689655172
"Melendez, MJ",726500,C,Kansas City,0.401,3074970.689655172
"Cuas, Jose",726000,RHP,Kansas City,0.401,3074970.689655172
"Pasquantino, Vinnie",725500,1B,Kansas City,0.401,3074970.689655172
"Massey, Michael",722850,2B,Kansas City,0.401,3074970.689655172
"Waters, Drew*",722400,OF,Kansas City,0.401,3074970.689655172
"Eaton, Nathan",722200,OF,Kansas City,0.401,3074970.689655172
"Zerpa, Angel*",721400,LHP,Kansas City,0.401,3074970.689655172
"Hernandez, Diego*",720000,OF,Kansas City,0.401,3074970.689655172
"Rendon, Anthony",38571429,3B,L.A. Angels,0.451,5019159.25
"Trout, Mike",37116667,OF,L.A. Angels,0.451,5019159.25
"Ohtani, Shohei",30000000,DH,L.A. Angels,0.451,5019159.25
"Anderson, Tyler",13000000,LHP,L.A. Angels,0.451,5019159.25
"Renfroe, Hunter",11900000,OF,L.A. Angels,0.451,5019159.25
"Drury, Brandon",8500000,3B,L.A. Angels,0.451,5019159.25
"Urshela, Gio",8400000,3B,L.A. Angels,0.451,5019159.25
"Moore, Matthew",7550000,LHP,L.A. Angels,0.451,5019159.25
"Loup, Aaron",7500000,LHP,L.A. Angels,0.451,5019159.25
"Stassi, Max*",7000000,C,L.A. Angels,0.451,5019159.25
"Tepera, Ryan",7000000,RHP,L.A. Angels,0.451,5019159.25
"Estevez, Carlos",6750000,RHP,L.A. Angels,0.451,5019159.25
"Fletcher, David",6000000,3B,L.A. Angels,0.451,5019159.25
"Sandoval, Patrick",2750000,LHP,L.A. Angels,0.451,5019159.25
"Ward, Taylor",2750000,OF,L.A. Angels,0.451,5019159.25
"Walsh, Jared*",2650000,1B,L.A. Angels,0.451,5019159.25
"Rengifo, Luis",2300000,2B,L.A. Angels,0.451,5019159.25
"Lamb, Jake",1250000,OF,L.A. Angels,0.451,5019159.25
"Phillips, Brett",1200000,OF,L.A. Angels,0.451,5019159.25
"Barria, Jaime",1050000,RHP,L.A. Angels,0.451,5019159.25
"Canning, Griffin*",850000,RHP,L.A. Angels,0.451,5019159.25
"Herget, Jimmy",750000,RHP,L.A. Angels,0.451,5019159.25
"Quijada, Jose",750000,LHP,L.A. Angels,0.451,5019159.25
"Suarez, Jose",750000,LHP,L.A. Angels,0.451,5019159.25
"Davidson, Tucker",740000,LHP,L.A. Angels,0.451,5019159.25
"Detmers, Reid",740000,LHP,L.A. Angels,0.451,5019159.25
"Rodriguez, Christopher*",740000,RHP,L.A. Angels,0.451,5019159.25
"Thaiss, Matt",740000,3B,L.A. Angels,0.451,5019159.25
"Wantz, Andrew",740000,RHP,L.A. Angels,0.451,5019159.25
"Daniel, Davis*",730000,RHP,L.A. Angels,0.451,5019159.25
"Marte, Jose*",730000,RHP,L.A. Angels,0.451,5019159.25
"O'Hoppe, Logan",730000,C,L.A. Angels,0.451,5019159.25
"Freeman, Freddie",25290674,1B,L.A. Dodgers,0.685,8388735.57142857
"Heyward, Jason",22000000,OF,L.A. Dodgers,0.685,8388735.57142857
"Betts, Mookie",21158692,OF,L.A. Dodgers,0.685,8388735.57142857
"Kershaw, Clayton",20000000,LHP,L.A. Dodgers,0.685,8388735.57142857
"Taylor, Chris",15000000,OF,L.A. Dodgers,0.685,8388735.57142857
"Urias, Julio",14250000,LHP,L.A. Dodgers,0.685,8388735.57142857
"Muncy, Max",13500000,3B,L.A. Dodgers,0.685,8388735.57142857
"Syndergaard, Noah",13000000,RHP,L.A. Dodgers,0.685,8388735.57142857
"Martinez, JD",10000000,DH,L.A. Dodgers,0.685,8388735.57142857
"Buehler, Walker*",8025000,RHP,L.A. Dodgers,0.685,8388735.57142857
"Treinen, Blake*",8000000,RHP,L.A. Dodgers,0.685,8388735.57142857
"Hudson, Daniel*",6500000,RHP,L.A. Dodgers,0.685,8388735.57142857
"Peralta, David",6500000,OF,L.A. Dodgers,0.685,8388735.57142857
"Smith, Will",5250000,C,L.A. Dodgers,0.685,8388735.57142857
"Rojas, Miguel",4250000,SS,L.A. Dodgers,0.685,8388735.57142857
"Barnes, Austin",3500000,C,L.A. Dodgers,0.685,8388735.57142857
"Gonsolin, Anthony*",3250000,RHP,L.A. Dodgers,0.685,8388735.57142857
"May, Dustin",1675000,RHP,L.A. Dodgers,0.685,8388735.57142857
"Almonte, Yency",1500000,RHP,L.A. Dodgers,0.685,8388735.57142857
"Miller, Shelby",1500000,RHP,L.A. Dodgers,0.685,8388735.57142857
"Thompson, Trayce",1450000,OF,L.A. Dodgers,0.685,8388735.57142857
"Phillips, Evan",1300000,RHP,L.A. Dodgers,0.685,8388735.57142857
"Graterol, Brusdar",1225000,RHP,L.A. Dodgers,0.685,8388735.57142857
"Nelson, Jimmy*",1200000,RHP,L.A. Dodgers,0.685,8388735.57142857
"Ferguson, Caleb",1100000,LHP,L.A. Dodgers,0.685,8388735.57142857
"Reyes, Alex*",1100000,RHP,L.A. Dodgers,0.685,8388735.57142857
"Feyereisen, J.P.*",750000,RHP,L.A. Dodgers,0.685,8388735.57142857
"Lux, Gavin*",750000,SS,L.A. Dodgers,0.685,8388735.57142857
"Vesia, Alex",750000,LHP,L.A. Dodgers,0.685,8388735.57142857
"Bickford, Phil",740000,RHP,L.A. Dodgers,0.685,8388735.57142857
"Grove, Michael",722500,RHP,L.A. Dodgers,0.685,8388735.57142857
"Jackson, Andre",722500,RHP,L.A. Dodgers,0.685,8388735.57142857
"Outman, James",722500,OF,L.A. Dodgers,0.685,8388735.57142857
"Pepiot, Ryan*",722500,RHP,L.A. Dodgers,0.685,8388735.57142857
"Vargas, Miguel",722500,3B,L.A. Dodgers,0.685,8388735.57142857
"Soler, Jorge",15000000,DH,Miami,0.426,2550806.4516129033
"Garcia, Avisail",12000000,OF,Miami,0.426,2550806.4516129033
"Barnes, Matt",7500000,RHP,Miami,0.426,2550806.4516129033
"Segura, Jean",6500000,2B,Miami,0.426,2550806.4516129033
"Alcantara, Sandy",6300000,RHP,Miami,0.426,2550806.4516129033
"Arraez, Luis",6100000,1B,Miami,0.426,2550806.4516129033
"Cueto, Johnny",6000000,RHP,Miami,0.426,2550806.4516129033
"Wendle, Joey",6000000,2B,Miami,0.426,2550806.4516129033
"Cooper, Garrett",4200000,1B,Miami,0.426,2550806.4516129033
"Floro, Dylan",3900000,RHP,Miami,0.426,2550806.4516129033
"Stallings, Jacob",3350000,C,Miami,0.426,2550806.4516129033
"Scott, Tanner",2825000,LHP,Miami,0.426,2550806.4516129033
"Luzardo, Jesus",2450000,LHP,Miami,0.426,2550806.4516129033
"Berti, Jonathon",2100000,SS,Miami,0.426,2550806.4516129033
"Gurriel, Yuri",1250000,1B,Miami,0.426,2550806.4516129033
"Chargois, J.T.",850000,RHP,Miami,0.426,2550806.4516129033
"Rogers, Trevor",752000,LHP,Miami,0.426,2550806.4516129033
"Chisholm, Jazz",749500,OF,Miami,0.426,2550806.4516129033
"Okert, Steven*",739000,LHP,Miami,0.426,2550806.4516129033
"Bender, Anthony*",738500,RHP,Miami,0.426,2550806.4516129033
"Sanchez, Jesus",738000,OF,Miami,0.426,2550806.4516129033
"De La Cruz, Bryan",736000,OF,Miami,0.426,2550806.4516129033
"Puk, A.J.",736000,LHP,Miami,0.426,2550806.4516129033
"Garrett, Braxton",732000,LHP,Miami,0.426,2550806.4516129033
"Cabrera, Edward",731000,RHP,Miami,0.426,2550806.4516129033
"Fortes, Nick",730000,C,Miami,0.426,2550806.4516129033
"Nance, Tommy*",729500,RHP,Miami,0.426,2550806.4516129033
"Brazoban, Huascar",724000,RHP,Miami,0.426,2550806.4516129033
"Nardi, Andrew",723000,LHP,Miami,0.426,2550806.4516129033
"Meyer, Max*",721500,RHP,Miami,0.426,2550806.4516129033
"Enright, Nic*",720000,RHP,Miami,0.426,2550806.4516129033
"Yelich, Christian",24250727,OF,Milwaukee,0.531,4303274.733333333
"Woodruff, Brandon",10800000,RHP,Milwaukee,0.531,4303274.733333333
"Burnes, Corbin",10010000,RHP,Milwaukee,0.531,4303274.733333333
"Adames, Willy",8700000,SS,Milwaukee,0.531,4303274.733333333
"Winker, Jesse",8250000,OF,Milwaukee,0.531,4303274.733333333
"Lauer, Eric",5075000,LHP,Milwaukee,0.531,4303274.733333333
"Tellez, Rowdy",4950000,1B,Milwaukee,0.531,4303274.733333333
"Urias, Luis",4700000,2B,Milwaukee,0.531,4303274.733333333
"Peralta, Freddy",3734960,RHP,Milwaukee,0.531,4303274.733333333
"Houser, Adrian*",3600000,RHP,Milwaukee,0.531,4303274.733333333
"Miley, Wade",3500000,LHP,Milwaukee,0.531,4303274.733333333
"Anderson, Brian",3500000,3B,Milwaukee,0.531,4303274.733333333
"Williams, Devin",3350000,RHP,Milwaukee,0.531,4303274.733333333
"Caratini, Victor",2800000,C,Milwaukee,0.531,4303274.733333333
"Voit, Luke",2000000,1B,Milwaukee,0.531,4303274.733333333
"Bush, Matt",1850000,RHP,Milwaukee,0.531,4303274.733333333
"Brosseau, Michael",1400000,SS,Milwaukee,0.531,4303274.733333333
"Ashby, Aaron*",1200000,LHP,Milwaukee,0.531,4303274.733333333
"Milner, Hoby",1025000,LHP,Milwaukee,0.531,4303274.733333333
"Wilson, Justin*",850000,LHP,Milwaukee,0.531,4303274.733333333
"Contreras, William",739000,C,Milwaukee,0.531,4303274.733333333
"Taylor, Tyrone*",735400,OF,Milwaukee,0.531,4303274.733333333
"Wilson, Bryse",732600,RHP,Milwaukee,0.531,4303274.733333333
"Alexander, Jason*",732500,RHP,Milwaukee,0.531,4303274.733333333
"Miller, Owen",731100,1B,Milwaukee,0.531,4303274.733333333
"Payamps, Joel",730500,RHP,Milwaukee,0.531,4303274.733333333
"Strzelecki, Peter",726400,RHP,Milwaukee,0.531,4303274.733333333
"Guerra, Javier",724500,RHP,Milwaukee,0.531,4303274.733333333
"Mitchell, Garrett",724300,OF,Milwaukee,0.531,4303274.733333333
"Turang, Brice",720000,SS,Milwaukee,0.531,4303274.733333333
"Varland, Gus",720000,RHP,Milwaukee,0.531,4303274.733333333
"Correa, Carlos",33333333,SS,Minnesota,0.481,4076877.096774193
"Buxton, Byron",15142857,OF,Minnesota,0.481,4076877.096774193
"Gray, Sonny",13100000,RHP,Minnesota,0.481,4076877.096774193
"Gallo, Joey",11000000,OF,Minnesota,0.481,4076877.096774193
"Vazquez, Christian",10000000,C,Minnesota,0.481,4076877.096774193
"Kepler, Max",8500000,OF,Minnesota,0.481,4076877.096774193
"Mahle, Tyler",7500000,RHP,Minnesota,0.481,4076877.096774193
"Polanco, Jorge*",7500000,2B,Minnesota,0.481,4076877.096774193
"Farmer, Kyle",5585000,3B,Minnesota,0.481,4076877.096774193
"Lopez, Pablo",5450000,RHP,Minnesota,0.481,4076877.096774193
"Taylor, Michael",4500000,OF,Minnesota,0.481,4076877.096774193
"Lopez, Jorge",3525000,RHP,Minnesota,0.481,4076877.096774193
"Pagan, Emilio",3500000,RHP,Minnesota,0.481,4076877.096774193
"Maeda, Kenta",3000000,RHP,Minnesota,0.481,4076877.096774193
"Paddack, Chris*",2500000,RHP,Minnesota,0.481,4076877.096774193
"Thielbar, Caleb",2400000,LHP,Minnesota,0.481,4076877.096774193
"Solano, Donovan",2000000,1B,Minnesota,0.481,4076877.096774193
"Castro, Willi",1800000,OF,Minnesota,0.481,4076877.096774193
"Alcala, Jorge",790000,RHP,Minnesota,0.481,4076877.096774193
"Jeffers, Ryan",741650,C,Minnesota,0.481,4076877.096774193
"Kirilloff, Alex*",735650,1B,Minnesota,0.481,4076877.096774193
"Gordon, Nick",735400,2B,Minnesota,0.481,4076877.096774193
"Larnach, Trevor",733650,OF,Minnesota,0.481,4076877.096774193
"Jax, Griffin",733150,RHP,Minnesota,0.481,4076877.096774193
"Celestino, Gilberto*",731450,OF,Minnesota,0.481,4076877.096774193
"Ryan, Joe",730250,RHP,Minnesota,0.481,4076877.096774193
"Miranda, Jose",727850,3B,Minnesota,0.481,4076877.096774193
"Lewis, Royce*",727100,SS,Minnesota,0.481,4076877.096774193
"Moran, Jovani",726200,LHP,Minnesota,0.481,4076877.096774193
"Winder, Josh*",725650,RHP,Minnesota,0.481,4076877.096774193
"Sands, Cole",723650,RHP,Minnesota,0.481,4076877.096774193
"Henriquez, Ronny*",720900,RHP,Minnesota,0.481,4076877.096774193
"Duran, Jhoan",720000,RHP,Minnesota,0.481,4076877.096774193
"Scherzer, Max",43333333,RHP,N.Y. Mets,0.623,8343698.0625
"Verlander, Justin",43333333,RHP,N.Y. Mets,0.623,8343698.0625
"Lindor, Francisco",32477277,SS,N.Y. Mets,0.623,8343698.0625
"Marte, Starling",20750000,OF,N.Y. Mets,0.623,8343698.0625
"Nimmo, Brandon",18500000,RHP,N.Y. Mets,0.623,8343698.0625
"Diaz, Edwin*",18444242,RHP,N.Y. Mets,0.623,8343698.0625
"Senga, Kodai",15666667,RHP,N.Y. Mets,0.623,8343698.0625
"Alonso, Pete",14500000,1B,N.Y. Mets,0.623,8343698.0625
"Carrasco, Carlos",14000000,RHP,N.Y. Mets,0.623,8343698.0625
"Quintana, Jose*",13000000,LHP,N.Y. Mets,0.623,8343698.0625
"Canha, Mark",11500000,OF,N.Y. Mets,0.623,8343698.0625
"Robertson, David",10000000,RHP,N.Y. Mets,0.623,8343698.0625
"Escobar, Eduardo",9500000,3B,N.Y. Mets,0.623,8343698.0625
"Narvaez, Omar",8000000,C,N.Y. Mets,0.623,8343698.0625
"Ottavino, Adam",6647002,RHP,N.Y. Mets,0.623,8343698.0625
"McNeil, Jeff",6250000,OF,N.Y. Mets,0.623,8343698.0625
"Pham, Tommy",6000000,OF,N.Y. Mets,0.623,8343698.0625
"Raley, Brooks",4500000,LHP,N.Y. Mets,0.623,8343698.0625
"Hunter, Tommy",1750000,RHP,N.Y. Mets,0.623,8343698.0625
"Guillorme, Luis",1600000,SS,N.Y. Mets,0.623,8343698.0625
"Hernandez, Elieser*",1600000,RHP,N.Y. Mets,0.623,8343698.0625
"Nido, Tomas",1600000,C,N.Y. Mets,0.623,8343698.0625
"Vogelbach, Daniel",1500000,1B,N.Y. Mets,0.623,8343698.0625
"Locastro, Tim",1400000,C,N.Y. Mets,0.623,8343698.0625
"Smith, Drew",1300000,RHP,N.Y. Mets,0.623,8343698.0625
"Santana, Dennis",1000000,RHP,N.Y. Mets,0.623,8343698.0625
"Coonrod, Samuel*",775000,RHP,N.Y. Mets,0.623,8343698.0625
"Curtiss, John",775000,RHP,N.Y. Mets,0.623,8343698.0625
"Peterson, David",750000,LHP,N.Y. Mets,0.623,8343698.0625
"Ridings, Stephen*",732500,RHP,N.Y. Mets,0.623,8343698.0625
"Nogosek, Steve",730000,RHP,N.Y. Mets,0.623,8343698.0625
"Montes de Oca, Bryce*",722500,RHP,N.Y. Mets,0.623,8343698.0625
"Judge, Aaron",40000000,OF,N.Y. Yankees,0.611,7600412.9375
"Cole, Gerrit",36000000,RHP,N.Y. Yankees,0.611,7600412.9375
"Stanton, Giancarlo",32000000,DH,N.Y. Yankees,0.611,7600412.9375
"Rodon, Carlos*",22833333,LHP,N.Y. Yankees,0.611,7600412.9375
"Donaldson, Josh",21000000,3B,N.Y. Yankees,0.611,7600412.9375
"Rizzo, Anthony",17000000,1B,N.Y. Yankees,0.611,7600412.9375
"LeMahieu, DJ",15000000,2B,N.Y. Yankees,0.611,7600412.9375
"Severino, Luis*",15000000,RHP,N.Y. Yankees,0.611,7600412.9375
"Hicks, Aaron",10785714,OF,N.Y. Yankees,0.611,7600412.9375
"Torres, Gleyber",9950000,2B,N.Y. Yankees,0.611,7600412.9375
"Montas, Frankie*",7500000,RHP,N.Y. Yankees,0.611,7600412.9375
"Kiner-Falefa, Isiah",6000000,SS,N.Y. Yankees,0.611,7600412.9375
"Kahnle, Tommy*",5750000,RHP,N.Y. Yankees,0.611,7600412.9375
"Bader, Harrison*",5200000,OF,N.Y. Yankees,0.611,7600412.9375
"Trivino, Lou*",4100000,RHP,N.Y. Yankees,0.611,7600412.9375
"Peralta, Wandy",3350000,LHP,N.Y. Yankees,0.611,7600412.9375
"Holmes, Clay",3300000,RHP,N.Y. Yankees,0.611,7600412.9375
"Cortes, Nestor",3200000,LHP,N.Y. Yankees,0.611,7600412.9375
"German, Domingo",2600000,RHP,N.Y. Yankees,0.611,7600412.9375
"Trevino, Jose",2360000,C,N.Y. Yankees,0.611,7600412.9375
"Loaisiga, Jonathan",2262500,RHP,N.Y. Yankees,0.611,7600412.9375
"Higashioka, Kyle",1462500,C,N.Y. Yankees,0.611,7600412.9375
"King, Michael",1300000,RHP,N.Y. Yankees,0.611,7600412.9375
"Cordero, Franchy",1000000,1B,N.Y. Yankees,0.611,7600412.9375
"Effross, Scott*",742750,RHP,N.Y. Yankees,0.611,7600412.9375
"Cabrera, Oswaldo",742100,OF,N.Y. Yankees,0.611,7600412.9375
"Schmidt, Clarke",740475,RHP,N.Y. Yankees,0.611,7600412.9375
"Marinaccio, Ron",739900,RHP,N.Y. Yankees,0.611,7600412.9375
"Abreu, Albert",738700,RHP,N.Y. Yankees,0.611,7600412.9375
"Rortvedt, Ben*",730000,C,N.Y. Yankees,0.611,7600412.9375
"Florial, Estevan",728500,OF,N.Y. Yankees,0.611,7600412.9375
"Gil, Luis*",723400,RHP,N.Y. Yankees,0.611,7600412.9375
"Brito, Jhony",720000,RHP,N.Y. Yankees,0.611,7600412.9375
"Cordero, Jimmy",720000,RHP,N.Y. Yankees,0.611,7600412.9375
"Volpe, Anthony",720000,SS,N.Y. Yankees,0.611,7600412.9375
"May, Trevor",7000000,RHP,Oakland,0.37,1690645.1612903227
"Diaz, Aledmys",6500000,SS,Oakland,0.37,1690645.1612903227
"Peterson, Jace",4500000,3B,Oakland,0.37,1690645.1612903227
"Pina, Manny*",4500000,C,Oakland,0.37,1690645.1612903227
"Kemp, Anthony",3725000,2B,Oakland,0.37,1690645.1612903227
"Laureano, Ramon",3550000,OF,Oakland,0.37,1690645.1612903227
"Fujinami, Shintaro",3250000,RHP,Oakland,0.37,1690645.1612903227
"Aguilar, Jesus",3000000,1B,Oakland,0.37,1690645.1612903227
"Rucinski, Drew*",3000000,RHP,Oakland,0.37,1690645.1612903227
"Blackburn, Paul*",1900000,RHP,Oakland,0.37,1690645.1612903227
"Familia, Jeurys",1500000,RHP,Oakland,0.37,1690645.1612903227
"Perez, Carlos",740000,C,Oakland,0.37,1690645.1612903227
"Brown, Seth",730000,OF,Oakland,0.37,1690645.1612903227
"Kaprielian, James",730000,RHP,Oakland,0.37,1690645.1612903227
"Acevedo, Domingo",725000,RHP,Oakland,0.37,1690645.1612903227
"Jackson, Zach",725000,RHP,Oakland,0.37,1690645.1612903227
"Jimenez, Dany",725000,RHP,Oakland,0.37,1690645.1612903227
"Moll, Sam",725000,LHP,Oakland,0.37,1690645.1612903227
"Rooker, Brent",725000,OF,Oakland,0.37,1690645.1612903227
"Snead, Kirby*",725000,LHP,Oakland,0.37,1690645.1612903227
"Allen, Nick",720000,SS,Oakland,0.37,1690645.1612903227
"Capel, Conner",720000,OF,Oakland,0.37,1690645.1612903227
"Langeliers, Shea",720000,C,Oakland,0.37,1690645.1612903227
"Martinez, Adrian",720000,RHP,Oakland,0.37,1690645.1612903227
"Muller, Kyle",720000,LHP,Oakland,0.37,1690645.1612903227
"Noda, Ryan",720000,1B,Oakland,0.37,1690645.1612903227
"Oller, Adam",720000,RHP,Oakland,0.37,1690645.1612903227
"Ruiz, Esteury",720000,OF,Oakland,0.37,1690645.1612903227
"Sears, J.P.",720000,LHP,Oakland,0.37,1690645.1612903227
"Tarnok, Freddy*",720000,RHP,Oakland,0.37,1690645.1612903227
"Waldichuk, Ken",720000,LHP,Oakland,0.37,1690645.1612903227
"Harper, Bryce*",27538462,OF,Philadelphia,0.537,6496101.382352941
"Turner, Trea",27272727,SS,Philadelphia,0.537,6496101.382352941
"Wheeler, Zack",24500000,RHP,Philadelphia,0.537,6496101.382352941
"Realmuto, JT",23875000,C,Philadelphia,0.537,6496101.382352941
"Castellanos, Nick",20000000,OF,Philadelphia,0.537,6496101.382352941
"Schwarber, Kyle",20000000,DH,Philadelphia,0.537,6496101.382352941
"Walker, Taijuan",18000000,RHP,Philadelphia,0.537,6496101.382352941
"Nola, Aaron",16250000,RHP,Philadelphia,0.537,6496101.382352941
"Hoskins, Rhys*",12000000,1B,Philadelphia,0.537,6496101.382352941
"Kimbrel, Craig",10000000,RHP,Philadelphia,0.537,6496101.382352941
"Strahm, Matt",7500000,LHP,Philadelphia,0.537,6496101.382352941
"Soto, Gregory",3925000,LHP,Philadelphia,0.537,6496101.382352941
"Alvarado, Jose",3450000,LHP,Philadelphia,0.537,6496101.382352941
"Suarez, Ranger*",2950000,LHP,Philadelphia,0.537,6496101.382352941
"Dominguez, Seranthony",2500000,RHP,Philadelphia,0.537,6496101.382352941
"Harrison, Josh",2000000,2B,Philadelphia,0.537,6496101.382352941
"Cave, Jake",950000,OF,Philadelphia,0.537,6496101.382352941
"Sosa, Edmundo",950000,SS,Philadelphia,0.537,6496101.382352941
"Bellatti, Andrew",859000,RHP,Philadelphia,0.537,6496101.382352941
"Bohm, Alec",748000,3B,Philadelphia,0.537,6496101.382352941
"Nelson, Nick*",745000,RHP,Philadelphia,0.537,6496101.382352941
"Stubbs, Garrett",741000,C,Philadelphia,0.537,6496101.382352941
"Brogdon, Connor",738750,RHP,Philadelphia,0.537,6496101.382352941
"Marsh, Brandon",734500,OF,Philadelphia,0.537,6496101.382352941
"Stott, Bryson",734500,SS,Philadelphia,0.537,6496101.382352941
"Falter, Bailey",733000,LHP,Philadelphia,0.537,6496101.382352941
"Marte, Yunior",725500,RHP,Philadelphia,0.537,6496101.382352941
"Sanchez, Cristopher*",725000,LHP,Philadelphia,0.537,6496101.382352941
"Hall, Darick",724500,1B,Philadelphia,0.537,6496101.382352941
"Marchan, Rafael*",723500,C,Philadelphia,0.537,6496101.382352941
"Vasquez, Andrew",723500,LHP,Philadelphia,0.537,6496101.382352941
"Guthrie, Dalton",722500,OF,Philadelphia,0.537,6496101.382352941
"Song, Noah*",720000,RHP,Philadelphia,0.537,6496101.382352941
"Hayes, Ke'Bryan",10000000,3B,Pittsburgh,0.383,1256480
"Hill, Rich",8000000,LHP,Pittsburgh,0.383,1256480
"Reynolds, Bryan",6750000,OF,Pittsburgh,0.383,1256480
"Santana, Carlos",6725000,1B,Pittsburgh,0.383,1256480
"Hedges, Austin",5000000,C,Pittsburgh,0.383,1256480
"McCutchen, Andrew",5000000,OF,Pittsburgh,0.383,1256480
"Choi, Ji-Man",4650000,1B,Pittsburgh,0.383,1256480
"Velasquez, Vincent",3150000,RHP,Pittsburgh,0.383,1256480
"Garcia, Jarlin*",2500000,LHP,Pittsburgh,0.383,1256480
"Keller, Mitch",2437500,RHP,Pittsburgh,0.383,1256480
"Brubaker, Jonathan*",2275000,RHP,Pittsburgh,0.383,1256480
"Stephenson, Robert*",1750000,RHP,Pittsburgh,0.383,1256480
"Underwood Jr., Duane",1025000,RHP,Pittsburgh,0.383,1256480
"De Jong, Chase",820000,RHP,Pittsburgh,0.383,1256480
"Zastryzny, Rob",750000,LHP,Pittsburgh,0.383,1256480
"Bednar, David",745000,RHP,Pittsburgh,0.383,1256480
"Crowe, Wil",745000,RHP,Pittsburgh,0.383,1256480
"Joe, Connor",735000,OF,Pittsburgh,0.383,1256480
"Oviedo, Johan",735000,RHP,Pittsburgh,0.383,1256480
"Bae, Ji-hwan",725000,2B,Pittsburgh,0.383,1256480
"Castro, Rodolfo",725000,2B,Pittsburgh,0.383,1256480
"Contreras, Roansy",725000,RHP,Pittsburgh,0.383,1256480
"Holderman, Colin",725000,RHP,Pittsburgh,0.383,1256480
"Kranick, Max*",725000,RHP,Pittsburgh,0.383,1256480
"Moreta, Dauri",725000,RHP,Pittsburgh,0.383,1256480
"Smith, Canaan",725000,OF,Pittsburgh,0.383,1256480
"Suwinski, Jack",725000,OF,Pittsburgh,0.383,1256480
"Delay, Jason",720000,C,Pittsburgh,0.383,1256480
"Cruz, Oneil",720000,SS,Pittsburgh,0.383,1256480
"Hernandez, Jose",720000,LHP,Pittsburgh,0.383,1256480
"Bogaerts, Xander",25454545,SS,San Diego,0.549,6388773.117647059
"Darvish, Yu",25000000,RHP,San Diego,0.549,6388773.117647059
"Soto, Juan",23000000,OF,San Diego,0.549,6388773.117647059
"Machado, Manny",21090909,3B,San Diego,0.549,6388773.117647059
"Musgrove, Joe*",20000000,RHP,San Diego,0.549,6388773.117647059
"Snell, Blake",16600000,LHP,San Diego,0.549,6388773.117647059
"Hader, Josh",14100000,LHP,San Diego,0.549,6388773.117647059
"Martinez, Nick",10000000,RHP,San Diego,0.549,6388773.117647059
"Pomeranz, Drew*",10000000,LHP,San Diego,0.549,6388773.117647059
"Suarez, Robert*",10000000,RHP,San Diego,0.549,6388773.117647059
"Lugo, Seth",7500000,RHP,San Diego,0.549,6388773.117647059
"Wacha, Michael",7500000,RHP,San Diego,0.549,6388773.117647059
"Tatis, Fernando**",7000000,OF,San Diego,0.549,6388773.117647059
"Kim, Ha-Seong",7000000,2B,San Diego,0.549,6388773.117647059
"Carpenter, Matt",6500000,DH,San Diego,0.549,6388773.117647059
"Cronenworth, Jake",4225000,1B,San Diego,0.549,6388773.117647059
"Garcia, Luis (Amado)",3750000,LHP,San Diego,0.549,6388773.117647059
"Grisham, Trent",3175000,OF,San Diego,0.549,6388773.117647059
"Nola, Austin",2350000,C,San Diego,0.549,6388773.117647059
"Hill, Tim",1850000,LHP,San Diego,0.549,6388773.117647059
"Dahl, David",1250000,OF,San Diego,0.549,6388773.117647059
"Cruz, Nelson",1000000,DH,San Diego,0.549,6388773.117647059
"Engel, Adam*",1000000,OF,San Diego,0.549,6388773.117647059
"Morejon, Adrian*",800000,LHP,San Diego,0.549,6388773.117647059
"Odor, Rougned",800000,2B,San Diego,0.549,6388773.117647059
"Crismatt, Nabil",750000,RHP,San Diego,0.549,6388773.117647059
"Tapia, Domingo",735000,RHP,San Diego,0.549,6388773.117647059
"Castillo, Jose*",730000,LHP,San Diego,0.549,6388773.117647059
"Weathers, Ryan",727600,LHP,San Diego,0.549,6388773.117647059
"Wilson, Steven",726400,RHP,San Diego,0.549,6388773.117647059
"Honeywell Jr, Brent",725000,RHP,San Diego,0.549,6388773.117647059
"Azocar, Jose",723700,OF,San Diego,0.549,6388773.117647059
"Campusano, Luis",722700,C,San Diego,0.549,6388773.117647059
"Rosario, Eguy*",720400,SS,San Diego,0.549,6388773.117647059
"Pederson, Joc",19650000,OF,San Francisco,0.5,4857468.75
"Conforto, Michael",18000000,OF,San Francisco,0.5,4857468.75
"Crawford, Brandon",16000000,SS,San Francisco,0.5,4857468.75
"Manaea, Sean",12500000,LHP,San Francisco,0.5,4857468.75
"Stripling, Ross",12500000,RHP,San Francisco,0.5,4857468.75
"Wood, Alex",12500000,LHP,San Francisco,0.5,4857468.75
"DeSclafani, Anthony",12000000,RHP,San Francisco,0.5,4857468.75
"Cobb, Alex",9000000,RHP,San Francisco,0.5,4857468.75
"Rogers, Taylor",9000000,LHP,San Francisco,0.5,4857468.75
"Haniger, Mitch*",8000000,OF,San Francisco,0.5,4857468.75
"Flores, Wilmer",6500000,2B,San Francisco,0.5,4857468.75
"Yastrzemski, Mike",6100000,OF,San Francisco,0.5,4857468.75
"Webb, Logan",4600000,RHP,San Francisco,0.5,4857468.75
"Davis, J.D.",4210000,3B,San Francisco,0.5,4857468.75
"Slater, Austin*",3200000,OF,San Francisco,0.5,4857468.75
"Jackson, Luke*",3000000,RHP,San Francisco,0.5,4857468.75
"Junis, Jakob",2800000,RHP,San Francisco,0.5,4857468.75
"Perez, Roberto",2500000,C,San Francisco,0.5,4857468.75
"Brebbia, John",2300000,RHP,San Francisco,0.5,4857468.75
"Estrada, Thairo",2250000,2B,San Francisco,0.5,4857468.75
"Rogers, Tyler",1675000,RHP,San Francisco,0.5,4857468.75
"Wade, LaMonte",1375000,1B,San Francisco,0.5,4857468.75
"Beaty, Matt",1250000,OF,San Francisco,0.5,4857468.75
"Alexander, Scott",1150000,LHP,San Francisco,0.5,4857468.75
"Bart, Joey",735000,C,San Francisco,0.5,4857468.75
"Doval, Camilo",735000,RHP,San Francisco,0.5,4857468.75
"Gonzalez, Luis*",735000,OF,San Francisco,0.5,4857468.75
"Szapucki, Thomas*",723750,LHP,San Francisco,0.5,4857468.75
"Villar, David",723750,3B,San Francisco,0.5,4857468.75
"Sabol, Blake",720000,C,San Francisco,0.5,4857468.75
"Wisely, Brett",720000,2B,San Francisco,0.5,4857468.75
"Ray, Robbie",21000000,LHP,Seattle,0.556,3016106.25
"Hernandez, Teoscar",14000000,OF,Seattle,0.556,3016106.25
"La Stella, Tommy",11500000,2B,Seattle,0.556,3016106.25
"Castillo, Luis",11400000,RHP,Seattle,0.556,3016106.25
"Crawford, J.P.",11000000,SS,Seattle,0.556,3016106.25
"Suarez, Eugenio",11000000,3B,Seattle,0.556,3016106.25
"Wong, Kolten",10000000,2B,Seattle,0.556,3016106.25
"Flexen, Christopher",8000000,RHP,Seattle,0.556,3016106.25
"Pollock, A.J.",7000000,OF,Seattle,0.556,3016106.25
"Gonzales, Marco",6700000,LHP,Seattle,0.556,3016106.25
"Rodriguez, Julio",6185714,OF,Seattle,0.556,3016106.25
"France, Ty",4100000,DH,Seattle,0.556,3016106.25
"Sewald, Paul",4100000,RHP,Seattle,0.556,3016106.25
"Castillo, Diego",2950000,RHP,Seattle,0.556,3016106.25
"Moore, Dylan*",2083333,2B,Seattle,0.556,3016106.25
"Munoz, Andres",1687500,RHP,Seattle,0.556,3016106.25
"Murphy, Tom",1625000,C,Seattle,0.556,3016106.25
"Gott, Trevor",1200000,RHP,Seattle,0.556,3016106.25
"Gilbert, Logan",767300,RHP,Seattle,0.556,3016106.25
"Kirby, George",758300,RHP,Seattle,0.556,3016106.25
"Raleigh, Cal",758300,C,Seattle,0.556,3016106.25
"Kelenic, Jarred",729400,OF,Seattle,0.556,3016106.25
"Murfee, Penn",727000,RHP,Seattle,0.556,3016106.25
"Trammell, Taylor*",726700,OF,Seattle,0.556,3016106.25
"Haggerty, Sam",726600,OF,Seattle,0.556,3016106.25
"Brash, Matthew",725800,RHP,Seattle,0.556,3016106.25
"Festa, Matt",725200,RHP,Seattle,0.556,3016106.25
"Hummel, Cooper",723800,OF,Seattle,0.556,3016106.25
"Arenado, Nolan",32822071,3B,St. Louis,0.574,5351949.9
"Goldschmidt, Paul",25333333,1B,St. Louis,0.574,5351949.9
"Mikolas, Miles",21666667,RHP,St. Louis,0.574,5351949.9
"Wainwright, Adam*",14521720,RHP,St. Louis,0.574,5351949.9
"Matz, Steven",10500000,LHP,St. Louis,0.574,5351949.9
"Contreras, Willson",10000000,C,St. Louis,0.574,5351949.9
"Montgomery, Jordan",10000000,LHP,St. Louis,0.574,5351949.9
"DeJong, Paul*",9166667,SS,St. Louis,0.574,5351949.9
"Flaherty, Jack",5400000,RHP,St. Louis,0.574,5351949.9
"O'Neill, Tyler",4950000,OF,St. Louis,0.574,5351949.9
"Gallegos, Giovanny",4750000,RHP,St. Louis,0.574,5351949.9
"Edman, Tommy",4200000,SS,St. Louis,0.574,5351949.9
"VerHagen, Drew",3000000,RHP,St. Louis,0.574,5351949.9
"Stratton, Chris",2800000,RHP,St. Louis,0.574,5351949.9
"Helsley, Ryan",2150000,RHP,St. Louis,0.574,5351949.9
"Hicks, Jordan",1837500,RHP,St. Louis,0.574,5351949.9
"Knizner, Andrew",1100000,C,St. Louis,0.574,5351949.9
"Motter, Taylor",775000,3B,St. Louis,0.574,5351949.9
"Carlson, Dylan",742400,OF,St. Louis,0.574,5351949.9
"Woodford, Jake",739800,RHP,St. Louis,0.574,5351949.9
"Nootbaar, Lars",732400,OF,St. Louis,0.574,5351949.9
"Naughton, Packy",728750,LHP,St. Louis,0.574,5351949.9
"Donovan, Brendan",728600,3B,St. Louis,0.574,5351949.9
"Pallante, Andre",728600,RHP,St. Louis,0.574,5351949.9
"Gorman, Nolan",726950,2B,St. Louis,0.574,5351949.9
"Thompson, Zack",725000,LHP,St. Louis,0.574,5351949.9
"Burleson, Alec",721450,OF,St. Louis,0.574,5351949.9
"Rodriguez, Wilking*",720400,RHP,St. Louis,0.574,5351949.9
"Walker, Jordan",720000,3B,St. Louis,0.574,5351949.9
"Eflin, Zach",11000000,RHP,Tampa Bay,0.531,2319326.823529412
"Margot, Manuel",7000000,OF,Tampa Bay,0.531,2319326.823529412
"Diaz, Yandy",6000000,3B,Tampa Bay,0.531,2319326.823529412
"Glasnow, Tyler*",5350000,RHP,Tampa Bay,0.531,2319326.823529412
"Lowe, Brandon",5250000,2B,Tampa Bay,0.531,2319326.823529412
"Arozarena, Randy",4150000,OF,Tampa Bay,0.531,2319326.823529412
"Springs, Jeffrey",4000000,LHP,Tampa Bay,0.531,2319326.823529412
"Fairbanks, Peter",3666666,RHP,Tampa Bay,0.531,2319326.823529412
"Franco, Wander",2454545,SS,Tampa Bay,0.531,2319326.823529412
"Ramirez, Harold",2200000,OF,Tampa Bay,0.531,2319326.823529412
"Mejia, Francisco",2155000,C,Tampa Bay,0.531,2319326.823529412
"Kittredge, Andrew*",2075000,RHP,Tampa Bay,0.531,2319326.823529412
"Adam, Jason",1775000,RHP,Tampa Bay,0.531,2319326.823529412
"Beeks, Jalen",1375000,LHP,Tampa Bay,0.531,2319326.823529412
"Bethancourt, Christian",1350000,1B,Tampa Bay,0.531,2319326.823529412
"Armstrong, Shawn*",1200000,RHP,Tampa Bay,0.531,2319326.823529412
"Poche, Colin",1175000,LHP,Tampa Bay,0.531,2319326.823529412
"Thompson, Ryan",1000000,RHP,Tampa Bay,0.531,2319326.823529412
"Rasmussen, Drew",739700,RHP,Tampa Bay,0.531,2319326.823529412
"McClanahan, Shane",737000,LHP,Tampa Bay,0.531,2319326.823529412
"Paredes, Isaac",735000,2B,Tampa Bay,0.531,2319326.823529412
"Siri, Jose",731600,OF,Tampa Bay,0.531,2319326.823529412
"Walls, Taylor",727600,SS,Tampa Bay,0.531,2319326.823529412
"Fleming, Josh",727000,LHP,Tampa Bay,0.531,2319326.823529412
"Cleavinger, Garrett",725100,LHP,Tampa Bay,0.531,2319326.823529412
"Baz, Shane*",723600,RHP,Tampa Bay,0.531,2319326.823529412
"Lowe, Josh",723200,OF,Tampa Bay,0.531,2319326.823529412
"Raley, Luke",722300,OF,Tampa Bay,0.531,2319326.823529412
"Faucher, Calvin",721500,RHP,Tampa Bay,0.531,2319326.823529412
"Kelly, Kevin",720000,RHP,Tampa Bay,0.531,2319326.823529412
"Seager, Corey",35500000,SS,Texas,0.42,3895500
"deGrom, Jacob",30000000,RHP,Texas,0.42,3895500
"Semien, Marcus",26000000,2B,Texas,0.42,3895500
"Perez, Martin",19650000,LHP,Texas,0.42,3895500
"Eovaldi, Nathan",17000000,RHP,Texas,0.42,3895500
"Gray, Jon",15000000,RHP,Texas,0.42,3895500
"Odorizzi, Jake*",12500000,RHP,Texas,0.42,3895500
"Heaney, Andrew",12000000,LHP,Texas,0.42,3895500
"Leclerc, Jose",6000000,RHP,Texas,0.42,3895500
"Lowe, Nate",4050000,1B,Texas,0.42,3895500
"Miller, Brad",4000000,1B,Texas,0.42,3895500
"Garver, Mitch",3900000,C,Texas,0.42,3895500
"Kennedy, Ian",2250000,RHP,Texas,0.42,3895500
"Grossman, Robbie",2000000,OF,Texas,0.42,3895500
"Smith, Will",1500000,LHP,Texas,0.42,3895500
"Hearn, Taylor",1462500,LHP,Texas,0.42,3895500
"Martin, Brett*",1275000,LHP,Texas,0.42,3895500
"Jankowski, Travis",1250000,OF,Texas,0.42,3895500
"Hernandez, Jonathan",995000,RHP,Texas,0.42,3895500
"Garcia, Adolis",747760,OF,Texas,0.42,3895500
"Heim, Jonah",745660,C,Texas,0.42,3895500
"Burke, Brock",742840,LHP,Texas,0.42,3895500
"Dunning, Dane",742840,RHP,Texas,0.42,3895500
"Otto, Glenn*",736340,RHP,Texas,0.42,3895500
"Howard, Spencer*",733455,RHP,Texas,0.42,3895500
"Sborz, Josh*",733450,RHP,Texas,0.42,3895500
"Taveras, Leody*",733445,OF,Texas,0.42,3895500
"Smith, Josh",727095,SS,Texas,0.42,3895500
"Thompson, Bubba",724305,OF,Texas,0.42,3895500
"Duran, Ezequiel",724170,2B,Texas,0.42,3895500
"Ragans, Cole",724145,LHP,Texas,0.42,3895500
"Jung, Josh",721485,3B,Texas,0.42,3895500
"Springer, George",24166667,OF,Toronto,0.568,5343783.483870967
"Gausman, Kevin",21000000,RHP,Toronto,0.568,5343783.483870967
"Ryu, Hyun-Jin*",20000000,LHP,Toronto,0.568,5343783.483870967
"Bassitt, Chris",19000000,RHP,Toronto,0.568,5343783.483870967
"Berrios, Jose",16000000,RHP,Toronto,0.568,5343783.483870967
"Guerrero, Vladimir",14500000,1B,Toronto,0.568,5343783.483870967
"Chapman, Matt",12500000,3B,Toronto,0.568,5343783.483870967
"Kikuchi, Yusei",10000000,LHP,Toronto,0.568,5343783.483870967
"Belt, Brandon",9300000,DH,Toronto,0.568,5343783.483870967
"Kiermaier, Kevin",9000000,OF,Toronto,0.568,5343783.483870967
"Merrifield, Whit",6750000,2B,Toronto,0.568,5343783.483870967
"Garcia, Yimi",5500000,RHP,Toronto,0.568,5343783.483870967
"Romano, Jordan",4537500,RHP,Toronto,0.568,5343783.483870967
"Bichette, Bo",3933333,SS,Toronto,0.568,5343783.483870967
"Jansen, Danny",3500000,C,Toronto,0.568,5343783.483870967
"Cimber, Adam",3150000,RHP,Toronto,0.568,5343783.483870967
"Varsho, Daulton",3050000,OF,Toronto,0.568,5343783.483870967
"Bass, Anthony",3000000,RHP,Toronto,0.568,5343783.483870967
"Biggio, Cavan",2800000,2B,Toronto,0.568,5343783.483870967
"Green, Chad*",2250000,RHP,Toronto,0.568,5343783.483870967
"Espinal, Santiago",2100000,2B,Toronto,0.568,5343783.483870967
"Mayza, Tim",2100000,LHP,Toronto,0.568,5343783.483870967
"Richards, Trevor",1500000,RHP,Toronto,0.568,5343783.483870967
"Swanson, Erik",1250000,RHP,Toronto,0.568,5343783.483870967
"Kirk, Alejandro",767300,C,Toronto,0.568,5343783.483870967
"Manoah, Alek",745650,RHP,Toronto,0.568,5343783.483870967
"White, Mitchell*",743000,RHP,Toronto,0.568,5343783.483870967
"Pop, Zachary",742200,RHP,Toronto,0.568,5343783.483870967
"Lukes, Nathan",720000,OF,Toronto,0.568,5343783.483870967
"Strasburg, Stephen*",32500286,RHP,Washington,0.34,3979124.1470588236
"Corbin, Patrick",24416667,LHP,Washington,0.34,3979124.1470588236
"Williams, Trevor",6000000,RHP,Washington,0.34,3979124.1470588236
"Candelario, Jeimer",5000000,3B,Washington,0.34,3979124.1470588236
"Finnegan, Kyle",2325000,RHP,Washington,0.34,3979124.1470588236
"Robles, Victor",2325000,OF,Washington,0.34,3979124.1470588236
"Dickerson, Corey",2250000,OF,Washington,0.34,3979124.1470588236
"Edwards, Carl",2250000,RHP,Washington,0.34,3979124.1470588236
"Thomas, Lane",2200000,OF,Washington,0.34,3979124.1470588236
"Kuhl, Chad",2000000,RHP,Washington,0.34,3979124.1470588236
"Smith, Dominic",2000000,1B,Washington,0.34,3979124.1470588236
"Rainey, Tanner*",1500000,RHP,Washington,0.34,3979124.1470588236
"Ruiz, Keibert",1375000,C,Washington,0.34,3979124.1470588236
"Chavis, Michael",1000000,1B,Washington,0.34,3979124.1470588236
"Ramirez, Erasmo",1000000,RHP,Washington,0.34,3979124.1470588236
"Vargas, Ildemaro",975000,SS,Washington,0.34,3979124.1470588236
"Arano, Victor*",925000,RHP,Washington,0.34,3979124.1470588236
"Harvey, Hunter",870000,RHP,Washington,0.34,3979124.1470588236
"Banda, Anthony",850000,LHP,Washington,0.34,3979124.1470588236
"Garcia, Luis",738600,SS,Washington,0.34,3979124.1470588236
"Kieboom, Carter*",733400,3B,Washington,0.34,3979124.1470588236
"Gray, Josiah",730000,RHP,Washington,0.34,3979124.1470588236
"Adams, Riley",728800,C,Washington,0.34,3979124.1470588236
"Thompson, Mason",724400,RHP,Washington,0.34,3979124.1470588236
"Abrams Jr., CJ",724200,SS,Washington,0.34,3979124.1470588236
"Gore, MacKenzie",723300,LHP,Washington,0.34,3979124.1470588236
"Meneses, Joey",723300,1B,Washington,0.34,3979124.1470588236
"Call, Alex",721800,OF,Washington,0.34,3979124.1470588236
"Cavalli, Cade*",720200,RHP,Washington,0.34,3979124.1470588236
"Pineda, Israel*",720200,C,Washington,0.34,3979124.1470588236
"Harris, Hobie",720000,RHP,Washington,0.34,3979124.1470588236
"Ward, Thaddeus",720000,RHP,Washington,0.34,3979124.1470588236
